Anger,Boredom,Calm,Contempt,Disgust,Excitement,Fear,Frustration,Happiness,Neutral,Pride,Sadness,Surprise
Furious,Apathetic,Peaceful,Scornful,Nauseated,Eager,Terrified,Annoyed,Joyful,Calm,Confident,Melancholy,Astonished
Livid,Disinterested,Tranquil,Disdainful,Repulsed,Thrilled,Scared,Irritated,Ecstatic,Relaxed,Arrogant,Heartbroken,Stunned
Enraged,Unmotivated,Relaxed,Disrespectful,Grossed out,Excited,Afraid,Exasperated,Content,Indifferent,Self-assured,Mournful,Shocked
Mad,Dull,Serene,Mocking,Revolted,Exhilarated,Frightened,Agitated,Cheerful,Unmoved,Egoistic,Sorrowful,Dumbfounded
Irritated,Listless,Composed,Sneering,Sickened,Ecstatic,Horrified,Angered,Elated,Nonchalant,Proud,Grief-stricken,Amazed
Outraged,Lethargic,Collected,Contemptuous,Displeased,Energetic,Panic,Vexed,Delighted,Detached,Self-satisfied,Downhearted,Startled
Infuriated,Indifferent,Still,Derisive,Contaminated,Pumped,Alarmed,Displeased,Pleased,Composed,Boastful,Despondent,Flabbergasted
Annoyed,Tired,Unperturbed,Condescending,Distasteful,Joyful,Anxious,Disappointed,Radiant,Serene,Conceited,Depressed,Baffled
Fuming,Monotonous,Quiet,Arrogant,Abhorrent,Delighted,Nervous,Impatient,Euphoric,Unperturbed,Vainglorious,Blue,Bewildered
Wrathful,Bland,Soothing,Superior,Loathing,Enthusiastic,Apprehensive,Furious,Jovial,Stable,Self-important,Dismal,Dumbstruck
Agitated,Uninspired,Calm,Patronizing,Disgusted,Elated,Horrified,Infuriated,Happy,Content,Overconfident,Forlorn,Speechless
Exasperated,Dismal,Gentle,Sarcastic,Offended,Bubbly,Startled,Upset,Merry,Peaceful,Haughty,Gloomy,Stupefied
Vexed,Unexcited,Mellow,Disparaging,Horrified,Vibrant,Terrorized,Anguish,Exuberant,Unfazed,Vain,Disheartened,Surprised
Infuriated,Uninvolved,Easygoing,Haughty,Abhorrence,Cheerful,Shocked,Fuming,Overjoyed,Balanced,Narcissistic,Desolate,Taken aback
Incensed,Weary,Stable,Insulting,Repelled,Lively,Apprehensive,Tense,Satisfied,Even-tempered,Immodest,Crestfallen,Shaken
Hostile,Stale,Smooth,Belittling,Revulsion,Animated,Fearful,Frustrated,Grateful,At ease,Elated,Woeful,Aghast
Mad as a hornet,Jaded,Laid-back,Critical,Unpleasant,Exuberant,Dreadful,Disturbed,Sunny,Tranquil,Gratified,Unhappy,Overwhelmed
Irate,Blah,Unruffled,Despising,Shocking,Vivid,Spooked,Bitter,Bubbly,Bland,Honored,Lugubrious,In disbelief
Raging,Unenthusiastic,Relaxing,Snide,Unappealing,Jubilant,Uneasy,Worn-out,Lively,Unexcited,Accomplished,Dismayed,Unbelievable
Seething,Bored,Unexcitable,Judgmental,Foul,Zestful,Worried,Exhausted,Gleeful,Uninterested,Pompous,Tearful,In awe
Boiling,Indifferent,Restful,Nasty,Vile,Optimistic,Jittery,Irritable,Glad,Unaffected,Dignified,Doleful,Confounded
Ticked off,Lackluster,Balanced,Dismissive,Sick,Overjoyed,Disturbed,Frantic,In high spirits,Mild,Venerated,Dispirited,Appalled
Cross,Languid,Harmonious,Scathing,Displeasing,High-spirited,Tense,Testy,Laughing,Moderate,Satisfied,Heavy-hearted,Surreal
Aggrieved,Disengaged,Calming,Offensive,Repelling,Energetic,Shaking,Enraged,Thrilled,Unconcerned,High-minded,Wretched,Startling
Angry,Drowsy,Restored,Snobbish,Appalling,Passionate,Sweating,Dismayed,Blissful,Steady,Distinguished,Low-spirited,In shock
Fretful,Unenergetic,Moderate,Contempt,Ghastly,Fired-up,Paranoid,Outraged,Carefree,Emotionless,Superior,Sorrowing,Astounded
Upset,Tiring,Serenity,Indifferent,Detestable,Riled-up,Hesitant,Livid,Exhilarated,Stable-minded,Egocentric,Glum,Flummoxed
Hot under the collar,Unexciting,Peace,Supercilious,Revolting,Intense,Timid,Frenzied,Optimistic,Level-headed,Chauvinistic,Downcast,Perplexed
On edge,Flat,Gentleness,Unconcerned,Unbearable,Ravished,Jumpy,Fretful,Chipper,Unemotional,Complacent,Depressed,Shocking
Frenzied,Humdrum,Dulcet,Cynical,Horrid,Amazed,Trembling,Distressed,Buoyant,Dispassionate,Exalted,Inconsolable,Incredible
Resentful,Lack of interest,Subdued,Pompous,Putrid,Elated,Overwhelmed,Resentful,Uplifted,Composed,Ambitious,Bitter,Dazed
Violent,Exhausted,Even-tempered,Snooty,Nasty,Overexcited,Fear-stricken,Peeved,Beaming,Neutralized,Magnificent,Hopeless,Surprise
Riled,Depressed,Unflustered,Scorn,Vile,Euphoric,Fearful,Vexing,Jubilant,Unflustered,Prestigious,Sad,Mind-blowing
Wrath,Burned out,Silent,Derision,Disgusting,Hyped,Creeped out,Troubled,Proud,Unmoved,Flattered,Pained,Unforeseen
Vehement,Unconcerned,Peaceably,Rude,Unclean,Bouncing,Dismayed,Ruffled,Alive,Distant,Self-regarding,Grief,Unexpected
Indignant,Inactive,Content,Irritable,Obnoxious,Active,Petrified,Mad,Zestful,Cool-headed,Boasting,In sorrow,Astonishing
Spiteful,Listlessness,Steady,Disparage,Grotesque,Raucous,Nervy,Discontent,Lighthearted,Meh,Victorious,Weeping,Unusual
Bitter,Blah mood,Mindful,Detracting,Detestable,Upbeat,Unsettled,Aggravated,Upbeat,Unenthusiastic,Dominant,Distressed,Incomprehensible
Scornful,Tiredness,Undisturbed,Disrespect,Noxious,Vigorous,Chilled,Impetuous,Charmed,Unbiased,Triumphant,Shattered,Shocker
Indignant,Inattentive,Reposeful,Sarcasm,Offensive,Frenzied,Shuddering,Disgruntled,Tickled pink,Flat,Admired,Unfulfilled,Dumbfounding
Mad as hell,Slack,Soothed,Condescending tone,Filthy,Alive,Skeptical,Frayed,Rapturous,Undisturbed,Self-satisfied,Lonely,Jolted
Offended,Tiring,Cool,Haughty attitude,Disgraceful,Giddy,Hasty,Stressed,In a good mood,Equilibrium,Lauded,Morose,Confused
Fuming mad,Heavy-hearted,Sublime,Scornful laughter,Foul-smelling,Cheerful mood,Wary,Dissatisfied,On cloud nine,Non-reactive,Haughty attitude,Blue mood,Incredible
Red-faced,Dispassionate,Tranquillity,Sneer,Rank,Fulfilling,Terrifying,Tense mood,Pumped,Stoic,Self-respecting,Lifeless,Flabbergasting
Displeased,Indifferent,At ease,Unapproachable,Repugnant,Vibrancy,Dread,Grumpy,Excited,Unstirred,Worthy,Down,Inconceivable
Riled up,Inattentive,Comfortable,Intolerant,Off-putting,Hyped-up,Panicked,Bothered,Grinning,Inexpressive,Proud of,Mournful,Unsettling
Disgruntled,Jaded,Relaxed state,Patronizing attitude,Stinky,Exultant,Insecure,Riled up,Eager,Balanced,Conspicuous,Grieving,Unanticipated
Agitated,Bland routine,Breezy,Disdain,Detested,Thrilled,Scary,Annoyance,Silly,Disengaged,Famous,Tear-stained,Unexpectedly
Boiling over,Dullness,Laid-back vibes,Mock,Unpleasant,Racing,Hesitant,Exasperating,Pleased as punch,Unresponsive,Grateful,Languishing,Breathtaking
Miffed,Lack of spark,Calming effect,Demeaning,Abominable,Wild,Anxious,Hostile,Mirthful,Uneffected,Dignified stance,Hopelessness,Out of nowhere
Heated,Monotony,Relaxation,Uncaring,Offensive,Celebratory,Choked up,Annoyance,Vibrant,Even-tempered,Self-assertive,Saddened,Eye-opening
At the end of one's rope,Yawning,Quietude,Exasperating,Repelling,Vibrating,Horrified,Cranky,Giddy,Disinterested,Noble,Tired,Impressive
Livid,Fatigued,Peaceful state,Dismissive attitude,Degrading,Intense joy,Alarmed,Disillusioned,Serene,Tranquilized,Honorable,Defeated,Unseen
Fired up,Mundane,Gentle breeze,Snide remarks,Putrid,Screaming with joy,Spooked,Disheartened,Festive,Non-responsive,Glorious,Crushed,Staggering
Irritable,Boring,Soft,Contemptuous glance,Pestilent,Agitated in joy,Afraid of,Upsetting,Playful,At peace,Self-reliant,Dreadful,Extraordinary
Apoplectic,Routine,Controlled,Inferior,Inhumane,High-energy,Terrified of,Provoked,Contented,Undisturbed,Joyful,Heavy soul,Eye-popping
Blazing,Stagnant,Composed mood,Belittle,Disgraceful,Bouncy,Freaked out,Perplexed,Radiant,Underwhelmed,Radiant,Weary,Unreal
Wrathful,Dullness,Inward,Indifference,Unhygienic,Buzzing,Frantic,Tired,Laughing fit,Faint,Regal,Despair,Wowing
Explosive,Inactive,Calmness,Degrading,Unclean,Lively mood,Fright,Strained,High-spirited,Low-key,Elated,Disappointed,Surprise-filled
Choleric,Lazy,Swaying,Displeasure,Filthy,Glistening,Trepidation,Constrained,In a good place,Subdued,Acknowledged,Broken-hearted,Overawed
In a rage,Bored out of mind,Ease,Arrogance,Stinky,Adrenaline-filled,Shivering,Chafed,Carefree,Equanimous,Appreciated,Aching,Appalling
Overheated,Unengaged,Relaxing atmosphere,Aloof,Distasteful,Over-the-moon,Fearful of,Worried,Light,Nonchalant mood,Overachieving,Out of sorts,Gobsmacked
Short-tempered,Drained,Chilled,Uninterested,Rebarbative,Jumpy,Intimidated,Embittered,Breezy,Unobtrusive,Impressive,Gloom,Impressed
Smoldering,Disengaged,Subtle,Condemn,Toxic,Delirious,Jumpy,Fed up,Sociable,Steady-handed,Esteemed,Exhausted,Surprising
Testy,Indifference,Unbothered,Devaluing,Polluted,Elated feeling,Distressed,Vexed state,Enthusiastic,Monotone,Valiant,Crying,Mind-blown
Worked up,Tiredness,Placid,Ridicule,Offensive,Grinning,Uneasy,Jaded,Pleased with oneself,Lack of feeling,Glorious victory,Despondency,Shocking news
Off the rails,Restless,Comforting,Scornful behavior,Depraved,Glowing,Nervousness,Frayed nerves,Joyous,Unwavering,Admiring,Empty,Phenomenal
Mad dog,Apatic,Peaceful surroundings,Patronizing behavior,Revolting,Amused,Chilly,Irritate,Sweet,Unperturbed,Full of pride,Heartache,Flabbergastingly
Fiery,Sleepy,Slow-paced,Abrasive,Disdainful,Giddy excitement,Apprehensive,Imprisoned,Sanguine,Calmness,Lauded victory,Tearful eyes,Struck
Stoked,Lack of energy,Unworried,Unfriendly,Offending,Fascinating,Nervously,Maddened,Delighted beyond words,Even-keeled,Unyielding,Woebegone,Disorienting
Madcap,Miserable,Ease-filled,Hostile,Noxious,Clamorous,Dismayed,Perturbed,Up and about,Unruffled,Indomitable,Hurt,Confounding
Blistering,Tedious,Equilibrium,Abusive,Heinous,Upbeat atmosphere,Spooked out,Despondent,Full of life,Emotion-free,Influential,Pain,Amazing
Sour,Jaded soul,Mindful peace,Disrespectful remarks,Discomfiting,Loud joy,Frozen,Agonized,Tickled,Cool,Fulfilled,Sulk,Unexpected reaction
Indignant,Bleak,Soothed soul,Condescending expression,Contaminated,Eagerly anticipating,On edge,Discomforted,Exultant,Understated,Self-confident,Downhearted,Awe-inspiring
Out of sorts,Lack of motivation,Free of tension,Low regard,Haunting,Glee,Panicked,Soured,Bouncy,Unmoved by,Recognized,Pessimistic,Dumbstruck
In a fury,Not interested,Serenely,Disdainful look,Noxious,Enraptured,Horrified,Disturbed,Happy-go-lucky,Clear-headed,High-achieving,Frustrated,Jaw-dropping
Madcap,Stuck,Equanimous,Snobbish attitude,Unsightly,Glorious,Terrifying,Unsettled,Energetic,Stable state,Exceptional,Sighing,Astounding
Displeased,Dull existence,Soothing music,Loathsome,Nauseous,Positive energy,Dreadful,Chronic frustration,On top of the world,Unshaken,Endowed,Unmotivated,Unexpected discovery
Out of control,Disaffected,Laid back,Dismissing,Degraded,Excitement-filled,Uneasy feeling,Overloaded,Hilarious,Normal,Basking in glory,Defeated,Wonders
Twisted,Unenthused,Meditative,Scorned,Sorrowful,Frenzied mood,Vulnerable,Under pressure,Bright-eyed,Rational,On top of the world,Isolated,Unthinkable
Beside oneself,,Free from chaos,Unimpressed,Sorrowful,Zippy,Spine-chilling,Exasperated mood,Loving,Indifferent tone,Victorious,Unhappy,Spectacular
Troubled,,Unstrained,Disapproving,Unpleasant,Adventurous,In fear,Frustrated,Grateful for,Unaltered,In command,Mourn,Mind-boggling
Upset,,Tranquil mood,Derogatory,Grotty,Fulfilling joy,Quaking,Restless,Full of joy,Inoffensive,Prestigious,Discontented,Unexpected shock
In a tizz,,Mellowed,Contemptuous tone,Loathsome,Vigorous happiness,Choked,Soured mood,Blithe,Passive,Acclaimed,Hopeless,Astonishing sight
Pissed off,,Peacefully,Disdainful smile,Repugnant,Bubbly energy,Panicked,Indignant,Cheery,Smooth,Fortune,Anguish,Sensational
Steaming,,At peace,Insult,Appalling,Hyperactive,Creeped,Pressured,In a daze of happiness,Cool-headed,Inspired,Dread,Overjoyed
Enraged,,No tension,Reproach,Dismal,Happy vibes,Worried,Seething,Chipper,Detachment,,Crushed spirit,Over the top
Incensed,,Gentle heart,Arrogant demeanor,Perverse,Exultation,Terrifying,Agony,Playful spirit,Harmonious,,Grief-stricken,Staggeringly
Bitter,,Balanced state,Dismiss,Nasty,Fulfilling anticipation,Aghast,Fuming,Bright,Without reaction,,Sullen,Unimaginable
Impassioned,,Mild,Mockery,Odious,Bouncing off walls,Shaky,Nervy,Smiling,Undistracted,,Withdrawn,In awe of
Discomposed,,Serene state,Pity,Unwanted,High-flying,Overcome with fear,Overwhelmed,Charmed,Calmed,,Overwhelmed,Startling news
Agog,,Eased,Undermining,Unsettling,Breathless with joy,Frightening,Revolted,Vivid,Still,,Stricken,Groundbreaking
Fuming,,Free from anxiety,Cold,Wretched,Warmth of excitement,Stunned,Beaten down,Sparkling,Unbothered,,Despairing,Sensational discovery
On the warpath,,Hushed,Self-important,Gag-worthy,Vibrantly happy,Agitated,Dissatisfied with,Full of smiles,Unaffected reaction,,Unwell,Marvellous
Riled,,No worries,,Disfavor,Surging energy,Suspicious,Cranky mood,Luminous,Neutral stance,,Sick at heart,
Enflamed,,Untroubled,,Bad-tasting,Soaring,Insecure feeling,Displeasure,Affectionate,Subtle,,Struggling,
Exasperated,,Unhurried,,Abominable,Wild joy,Terror,Irritable mood,Grinning from ear to ear,Calm demeanor,,Gloominess,
Boiling with rage,,Easy breath,,Unenjoyable,Jumpy energy,Panic-stricken,Harried,Gleaming,,,Bitter tears,
Infuriated,,Relaxed soul,,Smelly,,Gasping,Impatiently,Funky,,,Longing,
Furious as a bull,,Mellow tone,,Awful,,Horrified look,Restive,Funky happy,,,Broken,
,,Placid mood,,Offensive,,Overcome by fear,Worn-out nerves,Over the moon,,,Sad-faced,
,,Tranquillized,,Spiteful,,Terrible,Peevish,Dancing with joy,,,Down in the dumps,
,,Peace of mind,,,,Dreaded,Angry disposition,Radiant smile,,,Overcome with grief,
,,Easeful,,,,Fearful look,Discontented,Energetic,,,Woe,
,,Smooth mood,,,,Terrified stare,Bitter frustration,Charming,,,Dejected,
,,Relaxed attitude,,,,Scary,Nervous energy,Beaming with happiness,,,Saddened by,
,,Carefree,,,,Frightening appearance,Stressed out,Bouncy spirit,,,Feeling low,
,,Calming presence,,,,,Tired of,Grateful attitude,,,Tearful,
,,Paced rhythm,,,,,Jumpy,Feeling good,,,Lost,
,,Caring,,,,,Nervous breakdown,Happy heart,,,Empty-hearted,
,,,,,,,,Exulting,,,Dull,
,,,,,,,,Pure happiness,,,Stale,
,,,,,,,,In a blissful state,,,Losing hope,
,,,,,,,,Happy as can be,,,Discontent,
,,,,,,,,Zippy,,,Regretful,
,,,,,,,,Gleaming face,,,Doubting,
,,,,,,,,Spirited,,,Tired soul,
,,,,,,,,Cheerful outlook,,,Miserable,
,,,,,,,,,,,Numb,
,,,,,,,,,,,Dejected heart,
,,,,,,,,,,,Grieving soul,
,,,,,,,,,,,Suffering,
,,,,,,,,,,,Heartache,
,,,,,,,,,,,Choked up,
,,,,,,,,,,,Falling apart,
,,,,,,,,,,,Empty feeling,
